,Nome
0,Otávio Melo
1,Alexandre Barbosa
2,Isabella da Mata
3,Joana Martins
4,Pedro Miguel Costela
5,Samuel Campos
6,Brenda da Luz
7,Lucas Souza
8,Augusto Ribeiro
9,Sr. André Ferreira
10,Rebeca Azevedo
11,Raquel Sales
12,Ana Vitória Oliveira
13,Gustavo Martins
14,Brenda Cunha
15,Luiz Fernando Barros
16,João Guilherme Viana
17,Thales da Rosa
18,Enrico Mendes
19,Joana Jesus
20,Davi Luiz da Cunha
21,Vitória da Rosa
22,Dr. Luiz Miguel da Luz
23,Evelyn Pereira
24,Thomas Azevedo
25,Dra. Giovanna Cardoso
26,Otávio Aragão
27,Bruno Rocha
28,Arthur Caldeira
29,João Guilherme Ferreira
30,Juliana da Rosa
31,Ana Sophia Cunha
32,Ryan Nunes
33,Lucas Gabriel Silva
34,Enzo Oliveira
35,Marcos Vinicius Cavalcanti
36,Luigi Duarte
37,Cauê Peixoto
38,Daniel Alves
39,Fernanda Moreira
40,Dr. Lucas Peixoto
41,Esther Viana
42,Clarice da Mata
43,Bernardo Moreira
44,Enzo Barros
45,Enzo Gabriel da Cruz
46,Nina da Paz
47,Juan Almeida
48,Srta. Lavínia Dias
49,Sophia da Cruz
50,Maria Julia Lima
51,Murilo da Costa
52,Camila Martins
53,Enzo Gabriel Pinto
54,Sarah da Paz
55,Dra. Mirella Viana
56,Emanuelly Gonçalves
57,Gabriel Campos
58,Fernando Vieira
59,Felipe Porto
60,Henrique Pereira
61,Diogo Fernandes
62,Vicente Rezende
63,Caroline Ribeiro
64,Heloísa Mendes
65,Agatha Cardoso
66,Sr. Luiz Felipe da Rocha
67,Davi Pinto
68,Ana Sophia Porto
69,Clara Peixoto
70,Luna Lopes
71,Isabel Rodrigues
72,Ana Beatriz Ribeiro
73,Lorena Martins
74,Dr. Davi Luiz Moraes
75,Luna Aragão
76,Maria Luiza Cardoso
77,Laís Jesus
78,Sr. João Lucas Souza
79,Maria Clara Correia
80,Bryan Silva
81,Thomas Costa
82,Esther Pereira
83,Juan Mendes
84,Mariana Freitas
85,Alícia Pereira
86,Natália Nogueira
87,Thomas Mendes
88,Manuela Farias
89,Cauã Moraes
90,Breno Ribeiro
91,Isis Cardoso
92,Otávio Silva
93,Brenda Fernandes
94,Clara Ribeiro
95,Mariane Ribeiro
96,Sr. Kevin Sales
97,Fernando Nascimento
98,Mariana das Neves
99,Samuel das Neves
100,Davi Lucca da Rocha
101,Esther Duarte
102,Gabrielly Sales
103,Joaquim Silva
104,Davi Lucas Ramos
105,Emilly Nascimento
106,Dr. Davi Luiz Rezende
107,Danilo Costela
108,Mariane Castro
109,Henrique Pires
110,Ian da Conceição
111,Raquel Fernandes
112,Alice da Rocha
113,Elisa Rodrigues
114,Sra. Sophia Lopes
115,Lívia da Paz
116,Sr. Lorenzo Rocha
117,Marcelo Moraes
118,Caroline Almeida
119,Dra. Olivia Silva
